{
  "name": "sprintf",
  "description": "JavaScript sprintf implementation",
  "version": "1.0.3",
  "main": "src/sprintf.js",
  "license": "BSD-3-Clause-Clear",
  "keywords": [
    "sprintf",
    "string",
    "formatting"
  ],
  "authors": [
    "Alexandru Marasteanu <hello@alexei.ro> (http://alexei.ro/)"
  ],
  "homepage": "https://github.com/alexei/sprintf.js",
  "repository": {
    "type": "git",
    "url": "git://github.com/alexei/sprintf.js.git"
  },
  "_release": "1.0.3",
  "_resolution": {
    "type": "version",
    "tag": "1.0.3",
    "commit": "38433b4073d14a7b1537a72292071b1e70f35bee"
  },
  "_source": "git://github.com/alexei/sprintf.js.git",
  "_target": "~1.0.3",
  "_originalSource": "sprintf",
  "_direct": true
}