{
  "name": "angular-translate",
  "description": "A translation module for AngularJS",
  "version": "2.7.2",
  "main": "./angular-translate.js",
  "dependencies": {
    "angular": ">=1.2.26 <=1.5"
  },
  "ignore": [],
  "author": "Pascal Precht",
  "licenses": [
    {
      "type": "MIT",
      "url": "http://www.opensource.org/licenses/MIT"
    }
  ],
  "homepage": "https://github.com/PascalPrecht/bower-angular-translate",
  "_release": "2.7.2",
  "_resolution": {
    "type": "version",
    "tag": "2.7.2",
    "commit": "ea3e8d41a0ebf42a671b064fd71261943aec63f8"
  },
  "_source": "git://github.com/PascalPrecht/bower-angular-translate.git",
  "_target": "~2.7.2",
  "_originalSource": "angular-translate",
  "_direct": true
}